state,year,Median_NDVI,Solar_Radiation_MJ,Mean_Temp_C,Annual_Rain_mm,Soil_pH,Soil_Clay_Pct
Johor,2017,0.6233,15.60331044080943,25.97,2855.42,4.85,39.98
Johor,2018,0.4431,16.030249122557198,26.0,2694.58,4.85,39.98
Johor,2019,0.5547,16.777877271959454,26.34,2210.56,4.85,39.98
Johor,2020,0.528,15.376938360783358,26.15,2616.7,4.85,39.98
Johor,2021,0.5791,15.803532269887786,25.97,2748.79,4.85,39.98
Johor,2022,0.6192,15.86108175579086,26.1,2641.38,4.85,39.98
Johor,2023,0.565,15.708633421963302,26.22,2846.84,4.85,39.98
Johor,2024,0.6123,15.269774866416888,26.49,3001.9,4.85,39.98
Kedah,2017,0.7301,17.313515472906417,25.71,2734.37,5.15,34.0
Kedah,2018,0.6823,18.126869257171137,25.86,2520.18,5.15,34.0
Kedah,2019,0.6517,18.77276741381991,26.18,2034.79,5.15,34.0
Kedah,2020,0.6433,17.599811225132886,26.21,2516.37,5.15,34.0
Kedah,2021,0.6495,17.97412334973836,25.86,2414.85,5.15,34.0
Kedah,2022,0.6841,17.122628972902216,25.67,2773.09,5.15,34.0
Kedah,2023,0.6363,17.275207339918904,25.93,2807.5,5.15,34.0
Kedah,2024,0.6584,17.24025200964673,26.41,2980.85,5.15,34.0
Kelantan,2017,,16.700609818503597,24.28,3118.73,5.13,36.9
Kelantan,2018,0.6209,17.677428697202302,24.57,2410.11,5.13,36.9
Kelantan,2019,0.6322,18.43918786233681,24.85,2239.78,5.13,36.9
Kelantan,2020,0.5944,17.163712407218476,24.54,2752.94,5.13,36.9
Kelantan,2021,0.6723,17.22448187586693,24.36,2772.18,5.13,36.9
Kelantan,2022,0.6709,16.647096374896538,24.31,3295.79,5.13,36.9
Kelantan,2023,0.6431,16.712368524088074,24.54,3299.2,5.13,36.9
Kelantan,2024,0.6603,16.922284598388284,25.1,3036.64,5.13,36.9
Melaka,2017,,15.471954944206121,26.39,2350.73,5.06,37.95
Melaka,2018,0.564,15.926820994966738,26.46,2289.52,5.06,37.95
Melaka,2019,0.5575,16.701825109763615,26.93,1729.58,5.06,37.95
Melaka,2020,0.5761,15.404039823340389,26.67,2307.43,5.06,37.95
Melaka,2021,0.5456,15.907415143370269,26.51,2209.37,5.06,37.95
Melaka,2022,0.5987,15.792913476596956,26.62,2019.05,5.06,37.95
Melaka,2023,0.5415,15.642532757595118,26.68,2394.12,5.06,37.95
Melaka,2024,0.5916,14.97739475350363,26.93,2609.58,5.06,37.95
Negeri Sembilan,2017,,16.923949367303088,25.48,2500.22,4.96,38.11
Negeri Sembilan,2018,0.4809,17.449754735127996,25.61,2403.25,4.96,38.11
Negeri Sembilan,2019,0.5493,18.467757028852724,26.15,1821.45,4.96,38.11
Negeri Sembilan,2020,0.5857,16.94027450019952,25.83,2398.84,4.96,38.11
Negeri Sembilan,2021,0.5809,17.490616073591482,25.66,2215.5,4.96,38.11
Negeri Sembilan,2022,0.66,17.2906242028233,25.72,2295.1,4.96,38.11
Negeri Sembilan,2023,0.6035,17.14981797370206,25.93,2399.85,4.96,38.11
Negeri Sembilan,2024,0.6519,16.438806620003323,26.08,2975.5,4.96,38.11
Pahang,2017,0.7958,16.611691408636382,25.18,2784.72,4.89,37.37
Pahang,2018,0.5657,17.384494499570852,25.41,2535.26,4.89,37.37
Pahang,2019,0.5741,18.373816091976373,25.97,1891.16,4.89,37.37
Pahang,2020,0.5553,16.91825676459888,25.51,2541.66,4.89,37.37
Pahang,2021,0.5993,17.138978457187058,25.34,2551.53,4.89,37.37
Pahang,2022,0.6553,16.77549199561292,25.32,2753.37,4.89,37.37
Pahang,2023,0.634,16.837616915713962,25.61,2795.31,4.89,37.37
Pahang,2024,0.6498,16.503279407659864,25.87,2802.37,4.89,37.37
Perak,2017,0.6741,17.096364365068354,24.44,3007.93,4.94,38.39
Perak,2018,0.6472,17.78617015890719,24.56,2888.76,4.94,38.39
Perak,2019,0.6507,18.573885969432542,24.88,2366.47,4.94,38.39
Perak,2020,0.6645,17.190369731766893,24.75,2879.76,4.94,38.39
Perak,2021,0.7138,17.728030087724438,24.53,2770.03,4.94,38.39
Perak,2022,0.6934,17.183589170946707,24.53,2957.53,4.94,38.39
Perak,2023,0.6658,17.08843324286861,24.63,3333.76,4.94,38.39
Perak,2024,0.6995,16.775328741765254,24.98,3550.42,4.94,38.39
Perlis,2017,0.7631,12.612085642694831,26.53,2323.63,5.3,29.82
Perlis,2018,0.6699,13.06546673159771,26.73,2019.32,5.3,29.82
Perlis,2019,0.5406,13.512380321976508,27.07,1663.58,5.3,29.82
Perlis,2020,0.5053,12.792126380559816,27.04,2071.66,5.3,29.82
Perlis,2021,0.5433,12.92692829647318,26.69,2031.3,5.3,29.82
Perlis,2022,0.587,12.471222362259207,26.54,2375.39,5.3,29.82
Perlis,2023,0.5125,12.639069540657715,26.95,2303.55,5.3,29.82
Perlis,2024,0.5493,12.547165233277783,27.4,2454.44,5.3,29.82
Pulau Pinang,2017,0.4755,14.736999565650265,26.34,2869.9,5.13,40.69
Pulau Pinang,2018,0.5346,15.317516915295624,26.39,2681.08,5.13,40.69
Pulau Pinang,2019,0.4715,15.878322958505471,26.78,2137.95,5.13,40.69
Pulau Pinang,2020,0.4658,14.943318282117032,26.67,2606.4,5.13,40.69
Pulau Pinang,2021,0.4699,15.231862260606082,26.43,2606.84,5.13,40.69
Pulau Pinang,2022,0.4634,14.721361634794928,26.33,2696.9,5.13,40.69
Pulau Pinang,2023,0.4357,14.648012638069332,26.55,3191.74,5.13,40.69
Pulau Pinang,2024,0.4704,14.422138954788037,26.93,3330.68,5.13,40.69
Selangor,2017,,17.017751845329155,25.92,2658.2,4.89,39.48
Selangor,2018,0.5036,17.553969442047237,25.96,2669.87,4.89,39.48
Selangor,2019,0.5043,18.48958516351844,26.5,2093.33,4.89,39.48
Selangor,2020,0.5506,17.163633936564327,26.32,2524.14,4.89,39.48
Selangor,2021,0.5773,17.499136033850977,26.11,2377.5,4.89,39.48
Selangor,2022,0.5936,17.19071411581556,26.16,2557.74,4.89,39.48
Selangor,2023,0.5604,17.053975087763583,26.1,3141.74,4.89,39.48
Selangor,2024,0.5623,16.48111291599655,26.42,3564.09,4.89,39.48
Terengganu,2017,0.7575,16.941862781790576,25.14,3517.3,5.1,39.01
Terengganu,2018,0.6567,17.777879947224182,25.19,2946.76,5.1,39.01
Terengganu,2019,0.6324,18.586541566561017,25.48,2510.23,5.1,39.01
Terengganu,2020,0.5545,17.342305518896122,25.25,3042.32,5.1,39.01
Terengganu,2021,0.6346,17.348895264473132,25.1,3547.08,5.1,39.01
Terengganu,2022,0.6441,16.636103227918376,25.08,3887.96,5.1,39.01
Terengganu,2023,0.6011,16.841177023107896,25.32,3983.75,5.1,39.01
Terengganu,2024,0.64,17.147012371900562,25.89,3275.84,5.1,39.01
Sabah,2017,0.7355,16.621995335981154,24.33,3133.72,5.16,38.9
Sabah,2018,0.7104,17.607788917107875,24.48,2532.87,5.16,38.9
Sabah,2019,0.6289,18.232593892745193,24.81,2294.42,5.16,38.9
Sabah,2020,0.6322,17.313747269697135,24.68,2631.49,5.16,38.9
Sabah,2021,0.6577,16.760772274803166,24.33,3141.92,5.16,38.9
Sabah,2022,0.6563,16.281697133800154,24.17,3311.32,5.16,38.9
Sabah,2023,0.6755,17.07898152663642,24.62,2788.62,5.16,38.9
Sabah,2024,0.6347,16.887333221208596,24.99,2710.56,5.16,38.9
Sarawak,2017,0.7217,16.409334967133393,24.46,3737.02,4.85,38.2
Sarawak,2018,0.5694,16.935972919142134,24.51,3471.71,4.85,38.2
Sarawak,2019,0.6153,17.500754229647843,24.76,3119.81,4.85,38.2
Sarawak,2020,0.6371,16.265764118486604,24.59,4016.19,4.85,38.2
Sarawak,2021,0.6473,16.614113555429967,24.49,3715.75,4.85,38.2
Sarawak,2022,0.7096,16.11965489358669,24.33,4153.12,4.85,38.2
Sarawak,2023,0.6951,16.770602031536683,24.78,3536.56,4.85,38.2
Sarawak,2024,0.7301,16.28315026544703,25.07,4004.25,4.85,38.2
