state,year,planted_area,production_kg,Median_NDVI,Solar_Radiation_MJ,Mean_Temp_C,Annual_Rain_mm,Soil_pH,Soil_Clay_Pct,actual_yield_kg_ha,state_key,Production (t),Yield (t/ha)
Johor,2017,3000.0,8563.0,0.6233,15.60331044,25.97,2855.42,4.85,39.98,2854.333333,johor,8563.0,2.8543333333333334
Johor,2018,2866.0,9424.0,0.4431,16.03024912,26.0,2694.58,4.85,39.98,3288.20656,johor,9424.0,3.2882065596650385
Johor,2019,2555.0,7704.0,0.5547,16.77787727,26.34,2210.56,4.85,39.98,3015.264188,johor,7704.0,3.0152641878669275
Johor,2020,2547.0,7502.0,0.528,15.37693836,26.15,2616.7,4.85,39.98,2945.425991,johor,7502.0,2.945425991362387
Johor,2021,2505.0,9031.0,0.5791,15.80353227,25.97,2748.79,4.85,39.98,3605.189621,johor,9031.0,3.605189620758483
Johor,2022,2776.0,10832.0,0.6192,15.86108176,26.1,2641.38,4.85,39.98,3902.017291,johor,10832.0,3.9020172910662825
Johor,2023,2871.0,10694.0,0.565,15.70863342,26.22,2846.84,4.85,39.98,3724.834552,johor,10694.0,3.7248345524207593
Johor,2024,2329.0,10353.0,0.6123,15.26977487,26.49,3001.9,4.85,39.98,4445.255474,johor,10353.0,4.445255474452555
Kedah,2017,214585.0,939308.0,0.7301,17.31351547,25.71,2734.37,5.15,34.0,4377.323671,kedah,939308.0,4.377323671272456
Kedah,2018,214592.0,955662.0,0.6823,18.12686926,25.86,2520.18,5.15,34.0,4453.39062,kedah,955662.0,4.453390620339994
Kedah,2019,214252.0,859018.0,0.6517,18.77276741,26.18,2034.79,5.15,34.0,4009.381476,kedah,859018.0,4.009381476018894
Kedah,2020,214328.0,914200.0,0.6433,17.59981123,26.21,2516.37,5.15,34.0,4265.424956,kedah,914200.0,4.265424956141988
Kedah,2021,214880.0,906692.0,0.6495,17.97412335,25.86,2414.85,5.15,34.0,4219.527178,kedah,906692.0,4.219527177959791
Kedah,2022,213718.0,834901.0,0.6841,17.12262897,25.67,2773.09,5.15,34.0,3906.554432,kedah,834901.0,3.9065544315406284
Kedah,2023,212426.0,747193.0,0.6363,17.27520734,25.93,2807.5,5.15,34.0,3517.427245,kedah,747193.0,3.517427245252464
Kedah,2024,213556.0,777021.0,0.6584,17.24025201,26.41,2980.85,5.15,34.0,3638.488265,kedah,777021.0,3.638488265373017
Kelantan,2017,74531.0,309582.0,,16.70060982,24.28,3118.73,5.13,36.9,4153.734688,kelantan,309582.0,4.153734687579665
Kelantan,2018,74149.0,319774.0,0.6209,17.6774287,24.57,2410.11,5.13,36.9,4312.586818,kelantan,319774.0,4.312586818433155
Kelantan,2019,71240.0,268831.0,0.6322,18.43918786,24.85,2239.78,5.13,36.9,3773.596294,kelantan,268831.0,3.7735962942167323
Kelantan,2020,73717.0,305675.0,0.5944,17.16371241,24.54,2752.94,5.13,36.9,4146.601191,kelantan,305675.0,4.146601191041415
Kelantan,2021,74972.0,333868.0,0.6723,17.22448188,24.36,2772.18,5.13,36.9,4453.235875,kelantan,333868.0,4.453235874726564
Kelantan,2022,74017.0,272633.0,0.6709,16.64709637,24.31,3295.79,5.13,36.9,3683.383547,kelantan,272633.0,3.683383547022981
Kelantan,2023,72516.0,267044.0,0.6431,16.71236852,24.54,3299.2,5.13,36.9,3682.552816,kelantan,267044.0,3.6825528159302774
Kelantan,2024,58714.0,204619.0,0.6603,16.9222846,25.1,3036.64,5.13,36.9,3485.012093,kelantan,204619.0,3.485012092516265
Melaka,2017,3510.0,12135.0,,15.47195494,26.39,2350.73,5.06,37.95,3457.264957,melaka,12135.0,3.4572649572649574
Melaka,2018,3135.0,9352.0,0.564,15.92682099,26.46,2289.52,5.06,37.95,2983.094099,melaka,9352.0,2.9830940988835724
Melaka,2019,3360.0,9323.0,0.5575,16.70182511,26.93,1729.58,5.06,37.95,2774.702381,melaka,9323.0,2.7747023809523808
Melaka,2020,3360.0,8550.0,0.5761,15.40403982,26.67,2307.43,5.06,37.95,2544.642857,melaka,8550.0,2.544642857142857
Melaka,2021,3462.0,10287.0,0.5456,15.90741514,26.51,2209.37,5.06,37.95,2971.403813,melaka,10287.0,2.9714038128249567
Melaka,2022,3318.0,10314.0,0.5987,15.79291348,26.62,2019.05,5.06,37.95,3108.499096,melaka,10314.0,3.108499095840868
Melaka,2023,3248.0,9052.0,0.5415,15.64253276,26.68,2394.12,5.06,37.95,2786.945813,melaka,9052.0,2.7869458128078817
Melaka,2024,3180.0,9487.0,0.5916,14.97739475,26.93,2609.58,5.06,37.95,2983.333333,melaka,9487.0,2.9833333333333334
Negeri Sembilan,2017,2040.0,10261.0,,16.92394937,25.48,2500.22,4.96,38.11,5029.901961,negeri sembilan,10261.0,5.029901960784314
Negeri Sembilan,2018,1896.0,7504.0,0.4809,17.44975474,25.61,2403.25,4.96,38.11,3957.805907,negeri sembilan,7504.0,3.957805907172996
Negeri Sembilan,2019,1936.0,7670.0,0.5493,18.46775703,26.15,1821.45,4.96,38.11,3961.77686,negeri sembilan,7670.0,3.9617768595041323
Negeri Sembilan,2020,1989.0,8942.0,0.5857,16.9402745,25.83,2398.84,4.96,38.11,4495.726496,negeri sembilan,8942.0,4.495726495726496
Negeri Sembilan,2021,1480.0,4662.0,0.5809,17.49061607,25.66,2215.5,4.96,38.11,3150.0,negeri sembilan,4662.0,3.15
Negeri Sembilan,2022,1313.0,4941.0,0.66,17.2906242,25.72,2295.1,4.96,38.11,3763.137852,negeri sembilan,4941.0,3.7631378522467633
Negeri Sembilan,2023,950.0,3923.0,0.6035,17.14981797,25.93,2399.85,4.96,38.11,4129.473684,negeri sembilan,3923.0,4.129473684210526
Negeri Sembilan,2024,1280.0,4112.0,0.6519,16.43880662,26.08,2975.5,4.96,38.11,3212.5,negeri sembilan,4112.0,3.2125
Pahang,2017,13006.0,28434.0,0.7958,16.61169141,25.18,2784.72,4.89,37.37,2186.221744,pahang,28434.0,2.186221743810549
Pahang,2018,12300.0,34657.0,0.5657,17.3844945,25.41,2535.26,4.89,37.37,2817.642276,pahang,34657.0,2.8176422764227644
Pahang,2019,12435.0,31234.0,0.5741,18.37381609,25.97,1891.16,4.89,37.37,2511.781263,pahang,31234.0,2.5117812625653397
Pahang,2020,10572.0,35524.0,0.5553,16.91825676,25.51,2541.66,4.89,37.37,3360.196746,pahang,35524.0,3.360196746121831
Pahang,2021,13639.0,50866.0,0.5993,17.13897846,25.34,2551.53,4.89,37.37,3729.452306,pahang,50866.0,3.7294523058875284
Pahang,2022,13757.0,51185.0,0.6553,16.775492,25.32,2753.37,4.89,37.37,3720.651305,pahang,51185.0,3.7206513047902887
Pahang,2023,13356.0,47199.0,0.634,16.83761692,25.61,2795.31,4.89,37.37,3533.917341,pahang,47199.0,3.533917340521114
Pahang,2024,12370.0,37615.0,0.6498,16.50327941,25.87,2802.37,4.89,37.37,3040.824576,pahang,37615.0,3.0408245755860954
Perak,2017,81284.0,293715.0,0.6741,17.09636437,24.44,3007.93,4.94,38.39,3613.44176,perak,293715.0,3.6134417597559176
Perak,2018,81699.0,292063.0,0.6472,17.78617016,24.56,2888.76,4.94,38.39,3574.866277,perak,292063.0,3.574866277433016
Perak,2019,81380.0,257605.0,0.6507,18.57388597,24.88,2366.47,4.94,38.39,3165.458344,perak,257605.0,3.1654583435733596
Perak,2020,76201.0,232437.0,0.6645,17.19036973,24.75,2879.76,4.94,38.39,3050.3143,perak,232437.0,3.050314300337266
Perak,2021,74949.0,244397.0,0.7138,17.72803009,24.53,2770.03,4.94,38.39,3260.844041,perak,244397.0,3.2608440406142845
Perak,2022,74594.0,269790.0,0.6934,17.18358917,24.53,2957.53,4.94,38.39,3616.778829,perak,269790.0,3.616778829396466
Perak,2023,74789.0,281955.0,0.6658,17.08843324,24.63,3333.76,4.94,38.39,3770.006284,perak,281955.0,3.7700062843466284
Perak,2024,75773.0,259999.0,0.6995,16.77532874,24.98,3550.42,4.94,38.39,3431.28819,perak,259999.0,3.431288189724572
Perlis,2017,51531.0,231328.0,0.7631,12.61208564,26.53,2323.63,5.3,29.82,4489.103646,perlis,231328.0,4.489103646348799
Perlis,2018,51612.0,240615.0,0.6699,13.06546673,26.73,2019.32,5.3,29.82,4661.99721,perlis,240615.0,4.661997209951174
Perlis,2019,51612.0,209828.0,0.5406,13.51238032,27.07,1663.58,5.3,29.82,4065.488646,perlis,209828.0,4.065488646051306
Perlis,2020,51598.0,203275.0,0.5053,12.79212638,27.04,2071.66,5.3,29.82,3939.590682,perlis,203275.0,3.9395906818093724
Perlis,2021,60478.0,256034.0,0.5433,12.9269283,26.69,2031.3,5.3,29.82,4233.506399,perlis,256034.0,4.233506399021132
Perlis,2022,60470.0,233781.0,0.587,12.47122236,26.54,2375.39,5.3,29.82,3866.065818,perlis,233781.0,3.866065817760873
Perlis,2023,60299.0,244150.0,0.5125,12.63906954,26.95,2303.55,5.3,29.82,4048.989204,perlis,244150.0,4.048989203801058
Perlis,2024,56899.0,246440.0,0.5493,12.54716523,27.4,2454.44,5.3,29.82,4331.183325,perlis,246440.0,4.331183324838749
Pulau Pinang,2017,25564.0,146660.0,0.4755,14.73699957,26.34,2869.9,5.13,40.69,5736.97387,pulau pinang,146660.0,5.73697386950399
Pulau Pinang,2018,25564.0,133636.0,0.5346,15.31751692,26.39,2681.08,5.13,40.69,5227.507432,pulau pinang,133636.0,5.22750743232671
Pulau Pinang,2019,25564.0,128127.0,0.4715,15.87832296,26.78,2137.95,5.13,40.69,5012.009075,pulau pinang,128127.0,5.012009075262087
Pulau Pinang,2020,24210.0,121594.0,0.4658,14.94331828,26.67,2606.4,5.13,40.69,5022.470054,pulau pinang,121594.0,5.02247005369682
Pulau Pinang,2021,24210.0,136919.0,0.4699,15.23186226,26.43,2606.84,5.13,40.69,5655.472945,pulau pinang,136919.0,5.655472945064023
Pulau Pinang,2022,24210.0,122321.0,0.4634,14.72136163,26.33,2696.9,5.13,40.69,5052.498967,pulau pinang,122321.0,5.052498967368856
Pulau Pinang,2023,24210.0,122346.0,0.4357,14.64801264,26.55,3191.74,5.13,40.69,5053.531599,pulau pinang,122346.0,5.053531598513011
Pulau Pinang,2024,24210.0,116402.0,0.4704,14.42213895,26.93,3330.68,5.13,40.69,4808.013218,pulau pinang,116402.0,4.808013217678645
Sabah,2017,42157.0,110936.0,0.7355,16.62199534,24.33,3133.72,5.16,38.9,2631.496549,sabah,110936.0,2.631496548615888
Sabah,2018,42442.0,122390.0,0.7104,17.60778892,24.48,2532.87,5.16,38.9,2883.700108,sabah,122390.0,2.8837001083832052
Sabah,2019,43546.0,112569.0,0.6289,18.23259389,24.81,2294.42,5.16,38.9,2585.059477,sabah,112569.0,2.585059477334313
Sabah,2020,40446.0,117846.0,0.6322,17.31374727,24.68,2631.49,5.16,38.9,2913.662661,sabah,117846.0,2.913662661326213
Sabah,2021,38732.0,112284.0,0.6577,16.76077227,24.33,3141.92,5.16,38.9,2898.998244,sabah,112284.0,2.8989982443457607
Sabah,2022,37323.0,107565.0,0.6563,16.28169713,24.17,3311.32,5.16,38.9,2882.003054,sabah,107565.0,2.8820030544168476
Sabah,2023,35150.0,109144.0,0.6755,17.07898153,24.62,2788.62,5.16,38.9,3105.092461,sabah,109144.0,3.1050924608819344
Sabah,2024,34318.0,110980.0,0.6347,16.88733322,24.99,2710.56,5.16,38.9,3233.871438,sabah,110980.0,3.2338714377294715
Sarawak,2017,120713.0,246305.0,0.7217,16.40933497,24.46,3737.02,4.85,38.2,2040.418182,sarawak,246305.0,2.040418181968802
Sarawak,2018,135426.0,265358.0,0.5694,16.93597292,24.51,3471.71,4.85,38.2,1959.431719,sarawak,265358.0,1.9594317191676636
Sarawak,2019,109261.0,215491.0,0.6153,17.50075423,24.76,3119.81,4.85,38.2,1972.259086,sarawak,215491.0,1.97225908604168
Sarawak,2020,90865.2,167588.9,0.6371,16.26576412,24.59,4016.19,4.85,38.2,1844.368361,sarawak,167588.9,1.8443683610447124
Sarawak,2021,83143.0,148903.0,0.6473,16.61411356,24.49,3715.75,4.85,38.2,1790.926476,sarawak,148903.0,1.790926476071347
Sarawak,2022,77943.0,147272.0,0.7096,16.11965489,24.33,4153.12,4.85,38.2,1889.48334,sarawak,147272.0,1.889483340389772
Sarawak,2023,61342.0,118163.0,0.6951,16.77060203,24.78,3536.56,4.85,38.2,1926.298458,sarawak,118163.0,1.9262984578266114
Sarawak,2024,45269.0,84510.0,0.7301,16.28315027,25.07,4004.25,4.85,38.2,1866.840443,sarawak,84510.0,1.8668404426870486
Selangor,2017,36708.0,165571.0,,17.01775185,25.92,2658.2,4.89,39.48,4510.488177,selangor,165571.0,4.51048817696415
Selangor,2018,36868.0,174432.0,0.5036,17.55396944,25.96,2669.87,4.89,39.48,4731.257459,selangor,174432.0,4.731257459043072
Selangor,2019,36602.0,174088.0,0.5043,18.48958516,26.5,2093.33,4.89,39.48,4756.242828,selangor,174088.0,4.756242828260751
Selangor,2020,36004.0,159535.0,0.5506,17.16363394,26.32,2524.14,4.89,39.48,4431.035441,selangor,159535.0,4.43103544050661
Selangor,2021,35885.0,155631.0,0.5773,17.49913603,26.11,2377.5,4.89,39.48,4336.937439,selangor,155631.0,4.336937439041383
Selangor,2022,35539.0,153492.0,0.5936,17.19071412,26.16,2557.74,4.89,39.48,4318.973522,selangor,153492.0,4.318973522046202
Selangor,2023,35236.0,161271.0,0.5604,17.05397509,26.1,3141.74,4.89,39.48,4576.881598,selangor,161271.0,4.576881598365309
Selangor,2024,34811.0,145693.0,0.5623,16.48111292,26.42,3564.09,4.89,39.48,4185.257534,selangor,145693.0,4.185257533538249
Terengganu,2017,16919.0,67715.0,0.7575,16.94186278,25.14,3517.3,5.1,39.01,4002.305101,terengganu,67715.0,4.002305100774278
Terengganu,2018,17431.0,74335.0,0.6567,17.77787995,25.19,2946.76,5.1,39.01,4264.528713,terengganu,74335.0,4.264528713212093
Terengganu,2019,18341.0,71382.0,0.6324,18.58654157,25.48,2510.23,5.1,39.01,3891.936099,terengganu,71382.0,3.891936099449321
Terengganu,2020,19071.0,73723.0,0.5545,17.34230552,25.25,3042.32,5.1,39.01,3865.712338,terengganu,73723.0,3.8657123381049763
Terengganu,2021,19601.0,72023.0,0.6346,17.34889526,25.1,3547.08,5.1,39.01,3674.455385,terengganu,72023.0,3.6744553849293404
Terengganu,2022,18957.0,62712.0,0.6441,16.63610323,25.08,3887.96,5.1,39.01,3308.118373,terengganu,62712.0,3.30811837316031
Terengganu,2023,17689.0,53015.0,0.6011,16.84117702,25.32,3983.75,5.1,39.01,2997.06032,terengganu,53015.0,2.9970603199728645
Terengganu,2024,16997.0,51870.0,0.64,17.14701237,25.89,3275.84,5.1,39.01,3051.715009,terengganu,51870.0,3.051715008530917
