,count,mean,std,min,25%,50%,75%,max
planted_area,104.0,49828.64615384616,56291.76251610098,950.0,12352.5,35387.5,73792.0,214880.0
analysis_production_t,104.0,181505.41249999998,221652.65945299983,3923.0,33801.25,122333.5,244211.75,955662.0
calculated_yield_t_ha,104.0,3.635421734125027,0.8743886315181284,1.790926476071347,3.010713220893412,3.682968181476629,4.264752773944567,5.73697386950399
Median_NDVI,100.0,0.609676,0.07607471091239217,0.4357,0.5569500000000001,0.6221,0.657875,0.7958
Solar_Radiation_MJ,104.0,16.485653151346153,1.4102883631540744,12.47122236,15.87401266,16.83939697,17.2963470175,18.77276741
Mean_Temp_C,104.0,25.648942307692305,0.8449069785867116,24.17,24.84,25.845,26.3525,27.4
Annual_Rain_mm,104.0,2755.905865384615,525.3153624855469,1663.58,2397.66,2695.74,3038.06,4153.12
Soil_pH,104.0,5.031538461538461,0.13849937247601868,4.85,4.89,5.06,5.13,5.3
Soil_Clay_Pct,104.0,37.599999999999994,2.756429377405007,29.82,37.37,38.2,39.01,40.69
