state,years_reported,total_production_t,planted_area_ha_years,mean_annual_production_t,mean_annual_yield_t_ha,minimum_yield_t_ha,maximum_yield_t_ha,yield_std_dev,weighted_yield_t_ha,yield_rank
Pulau Pinang,8,1028005.0,197742.0,128500.625,5.196059644926768,4.808013217678645,5.73697386950399,0.32953422589598164,5.198718532228864,1
Selangor,8,1289713.0,287653.0,161214.125,4.480884249720716,4.185257533538249,4.756242828260751,0.2019253049021297,4.483572220696464,2
Perlis,8,1865451.0,444499.0,233181.375,4.204490616197808,3.866065817760873,4.661997209951174,0.27656447833403447,4.196749598986725,3
Kedah,8,6933995.0,1712337.0,866749.375,4.048439730487404,3.517427245252464,4.453390620339994,0.3423020431176995,4.049433610323201,4
Negeri Sembilan,8,52015.0,12884.0,6501.875,3.9625403449556535,3.15,5.029901960784314,0.6226649767875063,4.037177895063645,5
Kelantan,8,2282026.0,573856.0,285253.25,3.961337915183382,3.485012092516265,4.453235874726564,0.34924231497317826,3.976652679417833,6
Terengganu,8,526775.0,145006.0,65846.875,3.6319789172667627,2.9970603199728645,4.264528713212093,0.4638330220536297,3.6327807125222407,7
Johor,8,74103.0,21449.0,9262.875,3.472565876365721,2.8543333333333334,4.445255474452555,0.5496730511201013,3.4548463797846054,8
Perak,8,2131961.0,620669.0,266495.125,3.4353747531476886,3.050314300337266,3.7700062843466284,0.2528849356740763,3.4349403627376267,9
Pahang,8,316714.0,101435.0,39589.25,3.1125859444631887,2.186221743810549,3.7294523058875284,0.5732560141246068,3.122334499926061,10
Melaka,8,78500.0,26573.0,9812.5,2.951235793631351,2.544642857142857,3.4572649572649574,0.26905184655155834,2.954126368870658,11
Sabah,8,903714.0,314114.0,112964.25,2.8917354991292044,2.585059477334313,3.2338714377294715,0.21548799211260972,2.8770255384987617,12
Sarawak,8,1393590.9,723962.2,174198.8625,1.9112532581497046,1.790926476071347,2.040418181968802,0.07959842260105018,1.9249498109155423,13
