state,2017,2018,2019,2020,2021,2022,2023,2024
Johor,True,True,True,True,True,True,True,True
Kedah,True,True,True,True,True,True,True,True
Kelantan,True,True,True,True,True,True,True,True
Melaka,True,True,True,True,True,True,True,True
Negeri Sembilan,True,True,True,True,True,True,True,True
Pahang,True,True,True,True,True,True,True,True
Perak,True,True,True,True,True,True,True,True
Perlis,True,True,True,True,True,True,True,True
Pulau Pinang,True,True,True,True,True,True,True,True
Sabah,True,True,True,True,True,True,True,True
Sarawak,True,True,True,True,True,True,True,True
Selangor,True,True,True,True,True,True,True,True
Terengganu,True,True,True,True,True,True,True,True
